{"cameraMode":{"drawMode":0,"name":"Shaded","section":"Shading Mode"},"sceneLighting":false,"audioPlay":false,"sceneViewState":{"m_AlwaysRefresh":false,"showFog":true,"showSkybox":true,"showFlares":true,"showImageEffects":true,"showParticleSystems":true,"showVisualEffectGraphs":true,"m_FxEnabled":false},"in2DMode":false,"pivot":{"x":476.63336181640627,"y":236.04696655273438,"z":-9.675176620483399},"rotation":{"x":0.0074996245093643669,"y":0.007499722298234701,"z":-0.0000562331588298548,"w":0.9999449253082275},"size":231.22265625,"orthographic":false}